Day,Month,Round,Home,Away,Venue,Predicted winner,Predicted margin,Likelihood of win
1,8,21,CAR,BRS,Marvel Stadium,BRS,11,0.6255386543067933
30,7,21,COL,GEE,MCG,COL,6,0.5887684432156209
2,8,21,ESS,ADL,Marvel Stadium,ADL,36,0.8488765669698948
2,8,21,GCS,MEL,People First Stadium,GCS,4,0.5500108847967354
1,8,21,HAW,NTH,UTAS Stadium,HAW,32,0.8353395814109233
2,8,21,RCH,WCE,MCG,RCH,7,0.581559711177035
1,8,21,STK,SYD,Marvel Stadium,SYD,13,0.6500947126930977
1,8,21,PTA,GWS,Adelaide Oval,GWS,7,0.5806957399387312
31,7,21,FRE,WBD,Optus Stadium,FRE,20,0.7221434509725936
